[{"id":"f97266fb-ccb7-430e-9384-4124d05295d3","alias":"Decorators","componentType":"Library","version":"1.17.4","manifestVersion":2,"loaderConfig":{"internalModuleBaseUrls":["https://localhost:4321/node_modules/@microsoft/decorators/dist/","https://localhost:4321/dist/"],"entryModuleId":"decorators","scriptResources":{"decorators":{"type":"path","path":"decorators_none_1781ac0dcc5f8f4ec045.js"}}}},{"id":"73e1dc6c-8441-42cc-ad47-4bd3659f8a3a","alias":"SPLodashSubset","componentType":"Library","version":"1.17.4","manifestVersion":2,"loaderConfig":{"internalModuleBaseUrls":["https://localhost:4321/node_modules/@microsoft/sp-lodash-subset/dist/"],"entryModuleId":"sp-lodash-subset","scriptResources":{"sp-lodash-subset":{"type":"path","path":"sp-lodash-subset_21d1f599e277100ae684.js"}}}},{"id":"7263c7d0-1d6a-45ec-8d85-d4d1d234171b","alias":"SPCoreLibrary","componentType":"Library","version":"1.17.4","manifestVersion":2,"loaderConfig":{"internalModuleBaseUrls":["https://localhost:4321/node_modules/@microsoft/sp-core-library/dist/","https://localhost:4321/dist/"],"entryModuleId":"sp-core-library","scriptResources":{"sp-core-library":{"type":"localizedPath","paths":{"default":"sp-core-library_default_8cbc57f2b07d5f246e14.js","en-US":"sp-core-library_en-us_8cbc57f2b07d5f246e14.js","qps-ploca":"sp-core-library_qps-ploca_8cbc57f2b07d5f246e14.js","qps-ploc":"sp-core-library_qps-ploc_8cbc57f2b07d5f246e14.js","en-GB":"sp-core-library_en-us_8cbc57f2b07d5f246e14.js","en-NZ":"sp-core-library_en-us_8cbc57f2b07d5f246e14.js","en-IE":"sp-core-library_en-us_8cbc57f2b07d5f246e14.js","en-AU":"sp-core-library_en-us_8cbc57f2b07d5f246e14.js","bn":"sp-core-library_en-us_8cbc57f2b07d5f246e14.js","chr":"sp-core-library_en-us_8cbc57f2b07d5f246e14.js","dv":"sp-core-library_en-us_8cbc57f2b07d5f246e14.js","div":"sp-core-library_en-us_8cbc57f2b07d5f246e14.js","en":"sp-core-library_en-us_8cbc57f2b07d5f246e14.js","fil":"sp-core-library_en-us_8cbc57f2b07d5f246e14.js","haw":"sp-core-library_en-us_8cbc57f2b07d5f246e14.js","iu":"sp-core-library_en-us_8cbc57f2b07d5f246e14.js","lo":"sp-core-library_en-us_8cbc57f2b07d5f246e14.js","moh":"sp-core-library_en-us_8cbc57f2b07d5f246e14.js","sq":"sp-core-library_en-us_8cbc57f2b07d5f246e14.js","am":"sp-core-library_en-us_8cbc57f2b07d5f246e14.js","hy":"sp-core-library_en-us_8cbc57f2b07d5f246e14.js","mk":"sp-core-library_en-us_8cbc57f2b07d5f246e14.js","bs":"sp-core-library_en-us_8cbc57f2b07d5f246e14.js","my":"sp-core-library_en-us_8cbc57f2b07d5f246e14.js","dz":"sp-core-library_en-us_8cbc57f2b07d5f246e14.js","en-CY":"sp-core-library_en-us_8cbc57f2b07d5f246e14.js","en-EG":"sp-core-library_en-us_8cbc57f2b07d5f246e14.js","en-IL":"sp-core-library_en-us_8cbc57f2b07d5f246e14.js","en-IS":"sp-core-library_en-us_8cbc57f2b07d5f246e14.js","en-JO":"sp-core-library_en-us_8cbc57f2b07d5f246e14.js","en-KE":"sp-core-library_en-us_8cbc57f2b07d5f246e14.js","en-KW":"sp-core-library_en-us_8cbc57f2b07d5f246e14.js","en-MK":"sp-core-library_en-us_8cbc57f2b07d5f246e14.js","en-MT":"sp-core-library_en-us_8cbc57f2b07d5f246e14.js","en-PK":"sp-core-library_en-us_8cbc57f2b07d5f246e14.js","en-QA":"sp-core-library_en-us_8cbc57f2b07d5f246e14.js","en-SA":"sp-core-library_en-us_8cbc57f2b07d5f246e14.js","en-LK":"sp-core-library_en-us_8cbc57f2b07d5f246e14.js","en-AE":"sp-core-library_en-us_8cbc57f2b07d5f246e14.js","en-VN":"sp-core-library_en-us_8cbc57f2b07d5f246e14.js","is":"sp-core-library_en-us_8cbc57f2b07d5f246e14.js","km":"sp-core-library_en-us_8cbc57f2b07d5f246e14.js","kh":"sp-core-library_en-us_8cbc57f2b07d5f246e14.js","mt":"sp-core-library_en-us_8cbc57f2b07d5f246e14.js","fa":"sp-core-library_en-us_8cbc57f2b07d5f246e14.js","gd":"sp-core-library_en-us_8cbc57f2b07d5f246e14.js","sr-Cyrl-BA":"sp-core-library_en-us_8cbc57f2b07d5f246e14.js","sr-Latn-BA":"sp-core-library_en-us_8cbc57f2b07d5f246e14.js","sd":"sp-core-library_en-us_8cbc57f2b07d5f246e14.js","si":"sp-core-library_en-us_8cbc57f2b07d5f246e14.js","so":"sp-core-library_en-us_8cbc57f2b07d5f246e14.js","ti-ET":"sp-core-library_en-us_8cbc57f2b07d5f246e14.js","uz":"sp-core-library_en-us_8cbc57f2b07d5f246e14.js","en-SG":"sp-core-library_en-us_8cbc57f2b07d5f246e14.js","en-HK":"sp-core-library_en-us_8cbc57f2b07d5f246e14.js","en-MY":"sp-core-library_en-us_8cbc57f2b07d5f246e14.js","en-PH":"sp-core-library_en-us_8cbc57f2b07d5f246e14.js","en-TT":"sp-core-library_en-us_8cbc57f2b07d5f246e14.js","en-AZ":"sp-core-library_en-us_8cbc57f2b07d5f246e14.js","en-BH":"sp-core-library_en-us_8cbc57f2b07d5f246e14.js","en-BN":"sp-core-library_en-us_8cbc57f2b07d5f246e14.js","en-ID":"sp-core-library_en-us_8cbc57f2b07d5f246e14.js","mi":"sp-core-library_en-us_8cbc57f2b07d5f246e14.js"},"defaultPath":"sp-core-library_default_8cbc57f2b07d5f246e14.js"},"tslib":{"type":"component","id":"01c4df03-e775-48cb-aa14-171ee5199a15","version":"2.3.1"},"@ms/odsp-core-bundle":{"type":"component","id":"2e09fb9b-13bb-48f2-859f-97d6fff71176","version":"1.3.154"}}}},{"manifestVersion":2,"id":"78359e4b-07c2-43c6-8d0b-d060b4d577e8","alias":"SPDiagnostics","componentType":"Library","version":"1.17.4","loaderConfig":{"internalModuleBaseUrls":["https://localhost:4321/node_modules/@microsoft/sp-diagnostics/dist/","https://localhost:4321/dist/"],"entryModuleId":"sp-diagnostics","scriptResources":{"sp-diagnostics":{"type":"path","path":"sp-diagnostics_none_ba5c7bb607ea66b57e8a.js"},"tslib":{"type":"component","id":"01c4df03-e775-48cb-aa14-171ee5199a15","version":"2.3.1"},"@microsoft/sp-lodash-subset":{"type":"component","id":"73e1dc6c-8441-42cc-ad47-4bd3659f8a3a","version":"1.17.4"},"@microsoft/sp-core-library":{"type":"component","id":"7263c7d0-1d6a-45ec-8d85-d4d1d234171b","version":"1.17.4"}}}},{"manifestVersion":2,"id":"e40f8203-b39d-425a-a957-714852e33b79","alias":"SPDynamicData","componentType":"Library","version":"1.17.4","loaderConfig":{"internalModuleBaseUrls":["https://localhost:4321/node_modules/@microsoft/sp-dynamic-data/dist/","https://localhost:4321/dist/"],"entryModuleId":"sp-dynamic-data","scriptResources":{"sp-dynamic-data":{"type":"localizedPath","paths":{"default":"sp-dynamic-data_default_4e495b727d1d616cf91f.js","en-US":"sp-dynamic-data_en-us_4e495b727d1d616cf91f.js","qps-ploca":"sp-dynamic-data_qps-ploca_4e495b727d1d616cf91f.js","qps-ploc":"sp-dynamic-data_qps-ploc_4e495b727d1d616cf91f.js","en-GB":"sp-dynamic-data_en-us_4e495b727d1d616cf91f.js","en-NZ":"sp-dynamic-data_en-us_4e495b727d1d616cf91f.js","en-IE":"sp-dynamic-data_en-us_4e495b727d1d616cf91f.js","en-AU":"sp-dynamic-data_en-us_4e495b727d1d616cf91f.js","bn":"sp-dynamic-data_en-us_4e495b727d1d616cf91f.js","chr":"sp-dynamic-data_en-us_4e495b727d1d616cf91f.js","dv":"sp-dynamic-data_en-us_4e495b727d1d616cf91f.js","div":"sp-dynamic-data_en-us_4e495b727d1d616cf91f.js","en":"sp-dynamic-data_en-us_4e495b727d1d616cf91f.js","fil":"sp-dynamic-data_en-us_4e495b727d1d616cf91f.js","haw":"sp-dynamic-data_en-us_4e495b727d1d616cf91f.js","iu":"sp-dynamic-data_en-us_4e495b727d1d616cf91f.js","lo":"sp-dynamic-data_en-us_4e495b727d1d616cf91f.js","moh":"sp-dynamic-data_en-us_4e495b727d1d616cf91f.js","sq":"sp-dynamic-data_en-us_4e495b727d1d616cf91f.js","am":"sp-dynamic-data_en-us_4e495b727d1d616cf91f.js","hy":"sp-dynamic-data_en-us_4e495b727d1d616cf91f.js","mk":"sp-dynamic-data_en-us_4e495b727d1d616cf91f.js","bs":"sp-dynamic-data_en-us_4e495b727d1d616cf91f.js","my":"sp-dynamic-data_en-us_4e495b727d1d616cf91f.js","dz":"sp-dynamic-data_en-us_4e495b727d1d616cf91f.js","en-CY":"sp-dynamic-data_en-us_4e495b727d1d616cf91f.js","en-EG":"sp-dynamic-data_en-us_4e495b727d1d616cf91f.js","en-IL":"sp-dynamic-data_en-us_4e495b727d1d616cf91f.js","en-IS":"sp-dynamic-data_en-us_4e495b727d1d616cf91f.js","en-JO":"sp-dynamic-data_en-us_4e495b727d1d616cf91f.js","en-KE":"sp-dynamic-data_en-us_4e495b727d1d616cf91f.js","en-KW":"sp-dynamic-data_en-us_4e495b727d1d616cf91f.js","en-MK":"sp-dynamic-data_en-us_4e495b727d1d616cf91f.js","en-MT":"sp-dynamic-data_en-us_4e495b727d1d616cf91f.js","en-PK":"sp-dynamic-data_en-us_4e495b727d1d616cf91f.js","en-QA":"sp-dynamic-data_en-us_4e495b727d1d616cf91f.js","en-SA":"sp-dynamic-data_en-us_4e495b727d1d616cf91f.js","en-LK":"sp-dynamic-data_en-us_4e495b727d1d616cf91f.js","en-AE":"sp-dynamic-data_en-us_4e495b727d1d616cf91f.js","en-VN":"sp-dynamic-data_en-us_4e495b727d1d616cf91f.js","is":"sp-dynamic-data_en-us_4e495b727d1d616cf91f.js","km":"sp-dynamic-data_en-us_4e495b727d1d616cf91f.js","kh":"sp-dynamic-data_en-us_4e495b727d1d616cf91f.js","mt":"sp-dynamic-data_en-us_4e495b727d1d616cf91f.js","fa":"sp-dynamic-data_en-us_4e495b727d1d616cf91f.js","gd":"sp-dynamic-data_en-us_4e495b727d1d616cf91f.js","sr-Cyrl-BA":"sp-dynamic-data_en-us_4e495b727d1d616cf91f.js","sr-Latn-BA":"sp-dynamic-data_en-us_4e495b727d1d616cf91f.js","sd":"sp-dynamic-data_en-us_4e495b727d1d616cf91f.js","si":"sp-dynamic-data_en-us_4e495b727d1d616cf91f.js","so":"sp-dynamic-data_en-us_4e495b727d1d616cf91f.js","ti-ET":"sp-dynamic-data_en-us_4e495b727d1d616cf91f.js","uz":"sp-dynamic-data_en-us_4e495b727d1d616cf91f.js","en-SG":"sp-dynamic-data_en-us_4e495b727d1d616cf91f.js","en-HK":"sp-dynamic-data_en-us_4e495b727d1d616cf91f.js","en-MY":"sp-dynamic-data_en-us_4e495b727d1d616cf91f.js","en-PH":"sp-dynamic-data_en-us_4e495b727d1d616cf91f.js","en-TT":"sp-dynamic-data_en-us_4e495b727d1d616cf91f.js","en-AZ":"sp-dynamic-data_en-us_4e495b727d1d616cf91f.js","en-BH":"sp-dynamic-data_en-us_4e495b727d1d616cf91f.js","en-BN":"sp-dynamic-data_en-us_4e495b727d1d616cf91f.js","en-ID":"sp-dynamic-data_en-us_4e495b727d1d616cf91f.js","mi":"sp-dynamic-data_en-us_4e495b727d1d616cf91f.js"},"defaultPath":"sp-dynamic-data_default_4e495b727d1d616cf91f.js"},"@microsoft/sp-lodash-subset":{"type":"component","id":"73e1dc6c-8441-42cc-ad47-4bd3659f8a3a","version":"1.17.4"},"@microsoft/sp-core-library":{"type":"component","id":"7263c7d0-1d6a-45ec-8d85-d4d1d234171b","version":"1.17.4"},"@microsoft/sp-diagnostics":{"type":"component","id":"78359e4b-07c2-43c6-8d0b-d060b4d577e8","version":"1.17.4"}}}},{"id":"1c4541f7-5c31-41aa-9fa8-fbc9dc14c0a8","alias":"SPPageContext","componentType":"Library","version":"1.17.4","manifestVersion":2,"loaderConfig":{"internalModuleBaseUrls":["https://localhost:4321/node_modules/@microsoft/sp-page-context/dist/","https://localhost:4321/dist/"],"entryModuleId":"sp-page-context","scriptResources":{"sp-page-context":{"type":"localizedPath","paths":{"default":"sp-page-context_default_1c2ab40da51c4c1d95aa.js","en-US":"sp-page-context_en-us_1c2ab40da51c4c1d95aa.js","qps-ploca":"sp-page-context_qps-ploca_1c2ab40da51c4c1d95aa.js","qps-ploc":"sp-page-context_qps-ploc_1c2ab40da51c4c1d95aa.js","en-GB":"sp-page-context_en-us_1c2ab40da51c4c1d95aa.js","en-NZ":"sp-page-context_en-us_1c2ab40da51c4c1d95aa.js","en-IE":"sp-page-context_en-us_1c2ab40da51c4c1d95aa.js","en-AU":"sp-page-context_en-us_1c2ab40da51c4c1d95aa.js","bn":"sp-page-context_en-us_1c2ab40da51c4c1d95aa.js","chr":"sp-page-context_en-us_1c2ab40da51c4c1d95aa.js","dv":"sp-page-context_en-us_1c2ab40da51c4c1d95aa.js","div":"sp-page-context_en-us_1c2ab40da51c4c1d95aa.js","en":"sp-page-context_en-us_1c2ab40da51c4c1d95aa.js","fil":"sp-page-context_en-us_1c2ab40da51c4c1d95aa.js","haw":"sp-page-context_en-us_1c2ab40da51c4c1d95aa.js","iu":"sp-page-context_en-us_1c2ab40da51c4c1d95aa.js","lo":"sp-page-context_en-us_1c2ab40da51c4c1d95aa.js","moh":"sp-page-context_en-us_1c2ab40da51c4c1d95aa.js","sq":"sp-page-context_en-us_1c2ab40da51c4c1d95aa.js","am":"sp-page-context_en-us_1c2ab40da51c4c1d95aa.js","hy":"sp-page-context_en-us_1c2ab40da51c4c1d95aa.js","mk":"sp-page-context_en-us_1c2ab40da51c4c1d95aa.js","bs":"sp-page-context_en-us_1c2ab40da51c4c1d95aa.js","my":"sp-page-context_en-us_1c2ab40da51c4c1d95aa.js","dz":"sp-page-context_en-us_1c2ab40da51c4c1d95aa.js","en-CY":"sp-page-context_en-us_1c2ab40da51c4c1d95aa.js","en-EG":"sp-page-context_en-us_1c2ab40da51c4c1d95aa.js","en-IL":"sp-page-context_en-us_1c2ab40da51c4c1d95aa.js","en-IS":"sp-page-context_en-us_1c2ab40da51c4c1d95aa.js","en-JO":"sp-page-context_en-us_1c2ab40da51c4c1d95aa.js","en-KE":"sp-page-context_en-us_1c2ab40da51c4c1d95aa.js","en-KW":"sp-page-context_en-us_1c2ab40da51c4c1d95aa.js","en-MK":"sp-page-context_en-us_1c2ab40da51c4c1d95aa.js","en-MT":"sp-page-context_en-us_1c2ab40da51c4c1d95aa.js","en-PK":"sp-page-context_en-us_1c2ab40da51c4c1d95aa.js","en-QA":"sp-page-context_en-us_1c2ab40da51c4c1d95aa.js","en-SA":"sp-page-context_en-us_1c2ab40da51c4c1d95aa.js","en-LK":"sp-page-context_en-us_1c2ab40da51c4c1d95aa.js","en-AE":"sp-page-context_en-us_1c2ab40da51c4c1d95aa.js","en-VN":"sp-page-context_en-us_1c2ab40da51c4c1d95aa.js","is":"sp-page-context_en-us_1c2ab40da51c4c1d95aa.js","km":"sp-page-context_en-us_1c2ab40da51c4c1d95aa.js","kh":"sp-page-context_en-us_1c2ab40da51c4c1d95aa.js","mt":"sp-page-context_en-us_1c2ab40da51c4c1d95aa.js","fa":"sp-page-context_en-us_1c2ab40da51c4c1d95aa.js","gd":"sp-page-context_en-us_1c2ab40da51c4c1d95aa.js","sr-Cyrl-BA":"sp-page-context_en-us_1c2ab40da51c4c1d95aa.js","sr-Latn-BA":"sp-page-context_en-us_1c2ab40da51c4c1d95aa.js","sd":"sp-page-context_en-us_1c2ab40da51c4c1d95aa.js","si":"sp-page-context_en-us_1c2ab40da51c4c1d95aa.js","so":"sp-page-context_en-us_1c2ab40da51c4c1d95aa.js","ti-ET":"sp-page-context_en-us_1c2ab40da51c4c1d95aa.js","uz":"sp-page-context_en-us_1c2ab40da51c4c1d95aa.js","en-SG":"sp-page-context_en-us_1c2ab40da51c4c1d95aa.js","en-HK":"sp-page-context_en-us_1c2ab40da51c4c1d95aa.js","en-MY":"sp-page-context_en-us_1c2ab40da51c4c1d95aa.js","en-PH":"sp-page-context_en-us_1c2ab40da51c4c1d95aa.js","en-TT":"sp-page-context_en-us_1c2ab40da51c4c1d95aa.js","en-AZ":"sp-page-context_en-us_1c2ab40da51c4c1d95aa.js","en-BH":"sp-page-context_en-us_1c2ab40da51c4c1d95aa.js","en-BN":"sp-page-context_en-us_1c2ab40da51c4c1d95aa.js","en-ID":"sp-page-context_en-us_1c2ab40da51c4c1d95aa.js","mi":"sp-page-context_en-us_1c2ab40da51c4c1d95aa.js"},"defaultPath":"sp-page-context_default_1c2ab40da51c4c1d95aa.js"},"tslib":{"type":"component","id":"01c4df03-e775-48cb-aa14-171ee5199a15","version":"2.3.1"},"@microsoft/sp-dynamic-data":{"type":"component","id":"e40f8203-b39d-425a-a957-714852e33b79","version":"1.17.4"},"@microsoft/sp-core-library":{"type":"component","id":"7263c7d0-1d6a-45ec-8d85-d4d1d234171b","version":"1.17.4"},"@microsoft/sp-diagnostics":{"type":"component","id":"78359e4b-07c2-43c6-8d0b-d060b4d577e8","version":"1.17.4"}}}},{"manifestVersion":2,"id":"8496636c-2300-4915-abef-20de64c98d8b","alias":"@microsoft/sp-http-base","componentType":"Library","version":"1.17.4","loaderConfig":{"internalModuleBaseUrls":["https://localhost:4321/node_modules/@microsoft/sp-http-base/dist/","https://localhost:4321/dist/"],"entryModuleId":"sp-http-base","scriptResources":{"sp-http-base":{"type":"localizedPath","paths":{"default":"sp-http-base_default_91fa56aebd9d5a40653f.js","en-US":"sp-http-base_en-us_91fa56aebd9d5a40653f.js","qps-ploca":"sp-http-base_qps-ploca_91fa56aebd9d5a40653f.js","qps-ploc":"sp-http-base_qps-ploc_91fa56aebd9d5a40653f.js","en-GB":"sp-http-base_en-us_91fa56aebd9d5a40653f.js","en-NZ":"sp-http-base_en-us_91fa56aebd9d5a40653f.js","en-IE":"sp-http-base_en-us_91fa56aebd9d5a40653f.js","en-AU":"sp-http-base_en-us_91fa56aebd9d5a40653f.js","bn":"sp-http-base_en-us_91fa56aebd9d5a40653f.js","chr":"sp-http-base_en-us_91fa56aebd9d5a40653f.js","dv":"sp-http-base_en-us_91fa56aebd9d5a40653f.js","div":"sp-http-base_en-us_91fa56aebd9d5a40653f.js","en":"sp-http-base_en-us_91fa56aebd9d5a40653f.js","fil":"sp-http-base_en-us_91fa56aebd9d5a40653f.js","haw":"sp-http-base_en-us_91fa56aebd9d5a40653f.js","iu":"sp-http-base_en-us_91fa56aebd9d5a40653f.js","lo":"sp-http-base_en-us_91fa56aebd9d5a40653f.js","moh":"sp-http-base_en-us_91fa56aebd9d5a40653f.js","sq":"sp-http-base_en-us_91fa56aebd9d5a40653f.js","am":"sp-http-base_en-us_91fa56aebd9d5a40653f.js","hy":"sp-http-base_en-us_91fa56aebd9d5a40653f.js","mk":"sp-http-base_en-us_91fa56aebd9d5a40653f.js","bs":"sp-http-base_en-us_91fa56aebd9d5a40653f.js","my":"sp-http-base_en-us_91fa56aebd9d5a40653f.js","dz":"sp-http-base_en-us_91fa56aebd9d5a40653f.js","en-CY":"sp-http-base_en-us_91fa56aebd9d5a40653f.js","en-EG":"sp-http-base_en-us_91fa56aebd9d5a40653f.js","en-IL":"sp-http-base_en-us_91fa56aebd9d5a40653f.js","en-IS":"sp-http-base_en-us_91fa56aebd9d5a40653f.js","en-JO":"sp-http-base_en-us_91fa56aebd9d5a40653f.js","en-KE":"sp-http-base_en-us_91fa56aebd9d5a40653f.js","en-KW":"sp-http-base_en-us_91fa56aebd9d5a40653f.js","en-MK":"sp-http-base_en-us_91fa56aebd9d5a40653f.js","en-MT":"sp-http-base_en-us_91fa56aebd9d5a40653f.js","en-PK":"sp-http-base_en-us_91fa56aebd9d5a40653f.js","en-QA":"sp-http-base_en-us_91fa56aebd9d5a40653f.js","en-SA":"sp-http-base_en-us_91fa56aebd9d5a40653f.js","en-LK":"sp-http-base_en-us_91fa56aebd9d5a40653f.js","en-AE":"sp-http-base_en-us_91fa56aebd9d5a40653f.js","en-VN":"sp-http-base_en-us_91fa56aebd9d5a40653f.js","is":"sp-http-base_en-us_91fa56aebd9d5a40653f.js","km":"sp-http-base_en-us_91fa56aebd9d5a40653f.js","kh":"sp-http-base_en-us_91fa56aebd9d5a40653f.js","mt":"sp-http-base_en-us_91fa56aebd9d5a40653f.js","fa":"sp-http-base_en-us_91fa56aebd9d5a40653f.js","gd":"sp-http-base_en-us_91fa56aebd9d5a40653f.js","sr-Cyrl-BA":"sp-http-base_en-us_91fa56aebd9d5a40653f.js","sr-Latn-BA":"sp-http-base_en-us_91fa56aebd9d5a40653f.js","sd":"sp-http-base_en-us_91fa56aebd9d5a40653f.js","si":"sp-http-base_en-us_91fa56aebd9d5a40653f.js","so":"sp-http-base_en-us_91fa56aebd9d5a40653f.js","ti-ET":"sp-http-base_en-us_91fa56aebd9d5a40653f.js","uz":"sp-http-base_en-us_91fa56aebd9d5a40653f.js","en-SG":"sp-http-base_en-us_91fa56aebd9d5a40653f.js","en-HK":"sp-http-base_en-us_91fa56aebd9d5a40653f.js","en-MY":"sp-http-base_en-us_91fa56aebd9d5a40653f.js","en-PH":"sp-http-base_en-us_91fa56aebd9d5a40653f.js","en-TT":"sp-http-base_en-us_91fa56aebd9d5a40653f.js","en-AZ":"sp-http-base_en-us_91fa56aebd9d5a40653f.js","en-BH":"sp-http-base_en-us_91fa56aebd9d5a40653f.js","en-BN":"sp-http-base_en-us_91fa56aebd9d5a40653f.js","en-ID":"sp-http-base_en-us_91fa56aebd9d5a40653f.js","mi":"sp-http-base_en-us_91fa56aebd9d5a40653f.js"},"defaultPath":"sp-http-base_default_91fa56aebd9d5a40653f.js"},"tslib":{"type":"component","id":"01c4df03-e775-48cb-aa14-171ee5199a15","version":"2.3.1"},"@ms/sp-telemetry":{"type":"component","id":"8217e442-8ed3-41fd-957d-b112e841286a","version":"0.28.16"},"@ms/odsp-core-bundle":{"type":"component","id":"2e09fb9b-13bb-48f2-859f-97d6fff71176","version":"1.3.154"},"@microsoft/sp-core-library":{"type":"component","id":"7263c7d0-1d6a-45ec-8d85-d4d1d234171b","version":"1.17.4"},"@microsoft/sp-page-context":{"type":"component","id":"1c4541f7-5c31-41aa-9fa8-fbc9dc14c0a8","version":"1.17.4"},"@microsoft/sp-diagnostics":{"type":"component","id":"78359e4b-07c2-43c6-8d0b-d060b4d577e8","version":"1.17.4"}}}},{"id":"1c6c9123-7aac-41f3-a376-3caea41ed83f","alias":"SPLoader","componentType":"Library","version":"1.17.4","manifestVersion":2,"loaderConfig":{"internalModuleBaseUrls":["https://localhost:4321/node_modules/@microsoft/sp-loader/dist/","https://localhost:54321/dist/"],"entryModuleId":"sp-loader","scriptResources":{"sp-loader":{"type":"localizedPath","paths":{"default":"sp-loader_default_a035e0be0e94713d5901.js","en-US":"sp-loader_en-us_a035e0be0e94713d5901.js","qps-ploca":"sp-loader_qps-ploca_a035e0be0e94713d5901.js","qps-ploc":"sp-loader_qps-ploc_a035e0be0e94713d5901.js","en-GB":"sp-loader_en-us_a035e0be0e94713d5901.js","en-NZ":"sp-loader_en-us_a035e0be0e94713d5901.js","en-IE":"sp-loader_en-us_a035e0be0e94713d5901.js","en-AU":"sp-loader_en-us_a035e0be0e94713d5901.js","bn":"sp-loader_en-us_a035e0be0e94713d5901.js","chr":"sp-loader_en-us_a035e0be0e94713d5901.js","dv":"sp-loader_en-us_a035e0be0e94713d5901.js","div":"sp-loader_en-us_a035e0be0e94713d5901.js","en":"sp-loader_en-us_a035e0be0e94713d5901.js","fil":"sp-loader_en-us_a035e0be0e94713d5901.js","haw":"sp-loader_en-us_a035e0be0e94713d5901.js","iu":"sp-loader_en-us_a035e0be0e94713d5901.js","lo":"sp-loader_en-us_a035e0be0e94713d5901.js","moh":"sp-loader_en-us_a035e0be0e94713d5901.js","sq":"sp-loader_en-us_a035e0be0e94713d5901.js","am":"sp-loader_en-us_a035e0be0e94713d5901.js","hy":"sp-loader_en-us_a035e0be0e94713d5901.js","mk":"sp-loader_en-us_a035e0be0e94713d5901.js","bs":"sp-loader_en-us_a035e0be0e94713d5901.js","my":"sp-loader_en-us_a035e0be0e94713d5901.js","dz":"sp-loader_en-us_a035e0be0e94713d5901.js","en-CY":"sp-loader_en-us_a035e0be0e94713d5901.js","en-EG":"sp-loader_en-us_a035e0be0e94713d5901.js","en-IL":"sp-loader_en-us_a035e0be0e94713d5901.js","en-IS":"sp-loader_en-us_a035e0be0e94713d5901.js","en-JO":"sp-loader_en-us_a035e0be0e94713d5901.js","en-KE":"sp-loader_en-us_a035e0be0e94713d5901.js","en-KW":"sp-loader_en-us_a035e0be0e94713d5901.js","en-MK":"sp-loader_en-us_a035e0be0e94713d5901.js","en-MT":"sp-loader_en-us_a035e0be0e94713d5901.js","en-PK":"sp-loader_en-us_a035e0be0e94713d5901.js","en-QA":"sp-loader_en-us_a035e0be0e94713d5901.js","en-SA":"sp-loader_en-us_a035e0be0e94713d5901.js","en-LK":"sp-loader_en-us_a035e0be0e94713d5901.js","en-AE":"sp-loader_en-us_a035e0be0e94713d5901.js","en-VN":"sp-loader_en-us_a035e0be0e94713d5901.js","is":"sp-loader_en-us_a035e0be0e94713d5901.js","km":"sp-loader_en-us_a035e0be0e94713d5901.js","kh":"sp-loader_en-us_a035e0be0e94713d5901.js","mt":"sp-loader_en-us_a035e0be0e94713d5901.js","fa":"sp-loader_en-us_a035e0be0e94713d5901.js","gd":"sp-loader_en-us_a035e0be0e94713d5901.js","sr-Cyrl-BA":"sp-loader_en-us_a035e0be0e94713d5901.js","sr-Latn-BA":"sp-loader_en-us_a035e0be0e94713d5901.js","sd":"sp-loader_en-us_a035e0be0e94713d5901.js","si":"sp-loader_en-us_a035e0be0e94713d5901.js","so":"sp-loader_en-us_a035e0be0e94713d5901.js","ti-ET":"sp-loader_en-us_a035e0be0e94713d5901.js","uz":"sp-loader_en-us_a035e0be0e94713d5901.js","en-SG":"sp-loader_en-us_a035e0be0e94713d5901.js","en-HK":"sp-loader_en-us_a035e0be0e94713d5901.js","en-MY":"sp-loader_en-us_a035e0be0e94713d5901.js","en-PH":"sp-loader_en-us_a035e0be0e94713d5901.js","en-TT":"sp-loader_en-us_a035e0be0e94713d5901.js","en-AZ":"sp-loader_en-us_a035e0be0e94713d5901.js","en-BH":"sp-loader_en-us_a035e0be0e94713d5901.js","en-BN":"sp-loader_en-us_a035e0be0e94713d5901.js","en-ID":"sp-loader_en-us_a035e0be0e94713d5901.js","mi":"sp-loader_en-us_a035e0be0e94713d5901.js"},"defaultPath":"sp-loader_default_a035e0be0e94713d5901.js"},"tslib":{"type":"component","id":"01c4df03-e775-48cb-aa14-171ee5199a15","version":"2.3.1"},"@microsoft/sp-http-base":{"type":"component","id":"8496636c-2300-4915-abef-20de64c98d8b","version":"1.17.4"},"@ms/sp-telemetry":{"type":"component","id":"8217e442-8ed3-41fd-957d-b112e841286a","version":"0.28.16"},"@microsoft/sp-dynamic-data":{"type":"component","id":"e40f8203-b39d-425a-a957-714852e33b79","version":"1.17.4"},"@microsoft/sp-lodash-subset":{"type":"component","id":"73e1dc6c-8441-42cc-ad47-4bd3659f8a3a","version":"1.17.4"},"@microsoft/sp-core-library":{"type":"component","id":"7263c7d0-1d6a-45ec-8d85-d4d1d234171b","version":"1.17.4"},"@microsoft/sp-page-context":{"type":"component","id":"1c4541f7-5c31-41aa-9fa8-fbc9dc14c0a8","version":"1.17.4"},"@microsoft/load-themed-styles":{"type":"component","id":"229b8d08-79f3-438b-8c21-4613fc877abd","version":"0.1.2"},"@microsoft/sp-diagnostics":{"type":"component","id":"78359e4b-07c2-43c6-8d0b-d060b4d577e8","version":"1.17.4"}}}},{"manifestVersion":2,"componentType":"Library","id":"44bae1a2-d2eb-4e10-8c21-a1dbdce1036f","alias":"sp-loader-assembly","isInternal":true,"version":"1.0.0","rootComponentId":"1c6c9123-7aac-41f3-a376-3caea41ed83f","requiresCustomScript":false,"loaderConfig":{"internalModuleBaseUrls":["https://localhost:4321/node_modules/@microsoft/sp-loader/dist/"],"entryModuleId":"sp-loader-assembly","scriptResources":{"sp-loader-assembly":{"type":"localizedPath","paths":{"default":"sp-loader-assembly_default.js","en-US":"sp-loader-assembly_en-us.js","qps-ploca":"sp-loader-assembly_qps-ploca.js","qps-ploc":"sp-loader-assembly_qps-ploc.js","en-GB":"sp-loader-assembly_en-us.js","en-NZ":"sp-loader-assembly_en-us.js","en-IE":"sp-loader-assembly_en-us.js","en-AU":"sp-loader-assembly_en-us.js","bn":"sp-loader-assembly_en-us.js","chr":"sp-loader-assembly_en-us.js","dv":"sp-loader-assembly_en-us.js","div":"sp-loader-assembly_en-us.js","en":"sp-loader-assembly_en-us.js","fil":"sp-loader-assembly_en-us.js","haw":"sp-loader-assembly_en-us.js","iu":"sp-loader-assembly_en-us.js","lo":"sp-loader-assembly_en-us.js","moh":"sp-loader-assembly_en-us.js","sq":"sp-loader-assembly_en-us.js","am":"sp-loader-assembly_en-us.js","hy":"sp-loader-assembly_en-us.js","mk":"sp-loader-assembly_en-us.js","bs":"sp-loader-assembly_en-us.js","my":"sp-loader-assembly_en-us.js","dz":"sp-loader-assembly_en-us.js","en-CY":"sp-loader-assembly_en-us.js","en-EG":"sp-loader-assembly_en-us.js","en-IL":"sp-loader-assembly_en-us.js","en-IS":"sp-loader-assembly_en-us.js","en-JO":"sp-loader-assembly_en-us.js","en-KE":"sp-loader-assembly_en-us.js","en-KW":"sp-loader-assembly_en-us.js","en-MK":"sp-loader-assembly_en-us.js","en-MT":"sp-loader-assembly_en-us.js","en-PK":"sp-loader-assembly_en-us.js","en-QA":"sp-loader-assembly_en-us.js","en-SA":"sp-loader-assembly_en-us.js","en-LK":"sp-loader-assembly_en-us.js","en-AE":"sp-loader-assembly_en-us.js","en-VN":"sp-loader-assembly_en-us.js","is":"sp-loader-assembly_en-us.js","km":"sp-loader-assembly_en-us.js","kh":"sp-loader-assembly_en-us.js","mt":"sp-loader-assembly_en-us.js","fa":"sp-loader-assembly_en-us.js","gd":"sp-loader-assembly_en-us.js","sr-Cyrl-BA":"sp-loader-assembly_en-us.js","sr-Latn-BA":"sp-loader-assembly_en-us.js","sd":"sp-loader-assembly_en-us.js","si":"sp-loader-assembly_en-us.js","so":"sp-loader-assembly_en-us.js","ti-ET":"sp-loader-assembly_en-us.js","uz":"sp-loader-assembly_en-us.js","en-SG":"sp-loader-assembly_en-us.js","en-HK":"sp-loader-assembly_en-us.js","en-MY":"sp-loader-assembly_en-us.js","en-PH":"sp-loader-assembly_en-us.js","en-TT":"sp-loader-assembly_en-us.js","en-AZ":"sp-loader-assembly_en-us.js","en-BH":"sp-loader-assembly_en-us.js","en-BN":"sp-loader-assembly_en-us.js","en-ID":"sp-loader-assembly_en-us.js","mi":"sp-loader-assembly_en-us.js"},"defaultPath":"sp-loader-assembly_default.js"}}}},{"manifestVersion":2,"id":"aec2bbfd-a968-4d5b-a279-12e570f378e6","alias":"@microsoft/sp-http-msgraph","componentType":"Library","version":"1.17.4","loaderConfig":{"internalModuleBaseUrls":["https://localhost:4321/node_modules/@microsoft/sp-http-msgraph/dist/","https://localhost:4321/dist/"],"entryModuleId":"sp-http-msgraph","scriptResources":{"sp-http-msgraph":{"type":"localizedPath","paths":{"default":"sp-http-msgraph_default_e370bbeacd07d817eeb6.js","en-US":"sp-http-msgraph_en-us_e370bbeacd07d817eeb6.js","qps-ploca":"sp-http-msgraph_qps-ploca_e370bbeacd07d817eeb6.js","qps-ploc":"sp-http-msgraph_qps-ploc_e370bbeacd07d817eeb6.js","en-GB":"sp-http-msgraph_en-us_e370bbeacd07d817eeb6.js","en-NZ":"sp-http-msgraph_en-us_e370bbeacd07d817eeb6.js","en-IE":"sp-http-msgraph_en-us_e370bbeacd07d817eeb6.js","en-AU":"sp-http-msgraph_en-us_e370bbeacd07d817eeb6.js","bn":"sp-http-msgraph_en-us_e370bbeacd07d817eeb6.js","chr":"sp-http-msgraph_en-us_e370bbeacd07d817eeb6.js","dv":"sp-http-msgraph_en-us_e370bbeacd07d817eeb6.js","div":"sp-http-msgraph_en-us_e370bbeacd07d817eeb6.js","en":"sp-http-msgraph_en-us_e370bbeacd07d817eeb6.js","fil":"sp-http-msgraph_en-us_e370bbeacd07d817eeb6.js","haw":"sp-http-msgraph_en-us_e370bbeacd07d817eeb6.js","iu":"sp-http-msgraph_en-us_e370bbeacd07d817eeb6.js","lo":"sp-http-msgraph_en-us_e370bbeacd07d817eeb6.js","moh":"sp-http-msgraph_en-us_e370bbeacd07d817eeb6.js","sq":"sp-http-msgraph_en-us_e370bbeacd07d817eeb6.js","am":"sp-http-msgraph_en-us_e370bbeacd07d817eeb6.js","hy":"sp-http-msgraph_en-us_e370bbeacd07d817eeb6.js","mk":"sp-http-msgraph_en-us_e370bbeacd07d817eeb6.js","bs":"sp-http-msgraph_en-us_e370bbeacd07d817eeb6.js","my":"sp-http-msgraph_en-us_e370bbeacd07d817eeb6.js","dz":"sp-http-msgraph_en-us_e370bbeacd07d817eeb6.js","en-CY":"sp-http-msgraph_en-us_e370bbeacd07d817eeb6.js","en-EG":"sp-http-msgraph_en-us_e370bbeacd07d817eeb6.js","en-IL":"sp-http-msgraph_en-us_e370bbeacd07d817eeb6.js","en-IS":"sp-http-msgraph_en-us_e370bbeacd07d817eeb6.js","en-JO":"sp-http-msgraph_en-us_e370bbeacd07d817eeb6.js","en-KE":"sp-http-msgraph_en-us_e370bbeacd07d817eeb6.js","en-KW":"sp-http-msgraph_en-us_e370bbeacd07d817eeb6.js","en-MK":"sp-http-msgraph_en-us_e370bbeacd07d817eeb6.js","en-MT":"sp-http-msgraph_en-us_e370bbeacd07d817eeb6.js","en-PK":"sp-http-msgraph_en-us_e370bbeacd07d817eeb6.js","en-QA":"sp-http-msgraph_en-us_e370bbeacd07d817eeb6.js","en-SA":"sp-http-msgraph_en-us_e370bbeacd07d817eeb6.js","en-LK":"sp-http-msgraph_en-us_e370bbeacd07d817eeb6.js","en-AE":"sp-http-msgraph_en-us_e370bbeacd07d817eeb6.js","en-VN":"sp-http-msgraph_en-us_e370bbeacd07d817eeb6.js","is":"sp-http-msgraph_en-us_e370bbeacd07d817eeb6.js","km":"sp-http-msgraph_en-us_e370bbeacd07d817eeb6.js","kh":"sp-http-msgraph_en-us_e370bbeacd07d817eeb6.js","mt":"sp-http-msgraph_en-us_e370bbeacd07d817eeb6.js","fa":"sp-http-msgraph_en-us_e370bbeacd07d817eeb6.js","gd":"sp-http-msgraph_en-us_e370bbeacd07d817eeb6.js","sr-Cyrl-BA":"sp-http-msgraph_en-us_e370bbeacd07d817eeb6.js","sr-Latn-BA":"sp-http-msgraph_en-us_e370bbeacd07d817eeb6.js","sd":"sp-http-msgraph_en-us_e370bbeacd07d817eeb6.js","si":"sp-http-msgraph_en-us_e370bbeacd07d817eeb6.js","so":"sp-http-msgraph_en-us_e370bbeacd07d817eeb6.js","ti-ET":"sp-http-msgraph_en-us_e370bbeacd07d817eeb6.js","uz":"sp-http-msgraph_en-us_e370bbeacd07d817eeb6.js","en-SG":"sp-http-msgraph_en-us_e370bbeacd07d817eeb6.js","en-HK":"sp-http-msgraph_en-us_e370bbeacd07d817eeb6.js","en-MY":"sp-http-msgraph_en-us_e370bbeacd07d817eeb6.js","en-PH":"sp-http-msgraph_en-us_e370bbeacd07d817eeb6.js","en-TT":"sp-http-msgraph_en-us_e370bbeacd07d817eeb6.js","en-AZ":"sp-http-msgraph_en-us_e370bbeacd07d817eeb6.js","en-BH":"sp-http-msgraph_en-us_e370bbeacd07d817eeb6.js","en-BN":"sp-http-msgraph_en-us_e370bbeacd07d817eeb6.js","en-ID":"sp-http-msgraph_en-us_e370bbeacd07d817eeb6.js","mi":"sp-http-msgraph_en-us_e370bbeacd07d817eeb6.js"},"defaultPath":"sp-http-msgraph_default_e370bbeacd07d817eeb6.js"},"tslib":{"type":"component","id":"01c4df03-e775-48cb-aa14-171ee5199a15","version":"2.3.1"},"@microsoft/sp-http-base":{"type":"component","id":"8496636c-2300-4915-abef-20de64c98d8b","version":"1.17.4"},"@microsoft/sp-loader":{"type":"component","id":"1c6c9123-7aac-41f3-a376-3caea41ed83f","version":"1.17.4"},"@microsoft/sp-core-library":{"type":"component","id":"7263c7d0-1d6a-45ec-8d85-d4d1d234171b","version":"1.17.4"},"@microsoft/sp-diagnostics":{"type":"component","id":"78359e4b-07c2-43c6-8d0b-d060b4d577e8","version":"1.17.4"}}}},{"id":"c07208f0-ea3b-4c1a-9965-ac1b825211a6","alias":"SPHttp","componentType":"Library","version":"1.17.4","manifestVersion":2,"preloadComponents":[],"loaderConfig":{"internalModuleBaseUrls":["https://localhost:4321/node_modules/@microsoft/sp-http/dist/","https://localhost:4321/dist/"],"entryModuleId":"sp-http","scriptResources":{"sp-http":{"type":"path","path":"sp-http_none_d8fafcc0722446f0bedf.js"},"tslib":{"type":"component","id":"01c4df03-e775-48cb-aa14-171ee5199a15","version":"2.3.1"},"@microsoft/sp-http-base":{"type":"component","id":"8496636c-2300-4915-abef-20de64c98d8b","version":"1.17.4"},"@microsoft/sp-http-msgraph":{"type":"component","id":"aec2bbfd-a968-4d5b-a279-12e570f378e6","version":"1.17.4"},"@microsoft/sp-core-library":{"type":"component","id":"7263c7d0-1d6a-45ec-8d85-d4d1d234171b","version":"1.17.4"},"@microsoft/sp-diagnostics":{"type":"component","id":"78359e4b-07c2-43c6-8d0b-d060b4d577e8","version":"1.17.4"}}}},{"id":"467dc675-7cc5-4709-8aac-78e3b71bd2f6","alias":"SPComponentBase","componentType":"Library","version":"1.17.4","manifestVersion":2,"loaderConfig":{"internalModuleBaseUrls":["https://localhost:4321/node_modules/@microsoft/sp-component-base/dist/","https://localhost:4321/dist/"],"entryModuleId":"sp-component-base","scriptResources":{"sp-component-base":{"type":"localizedPath","paths":{"default":"sp-component-base_default_de5b95998cc2d68906ac.js","en-US":"sp-component-base_en-us_de5b95998cc2d68906ac.js","qps-ploca":"sp-component-base_qps-ploca_de5b95998cc2d68906ac.js","qps-ploc":"sp-component-base_qps-ploc_de5b95998cc2d68906ac.js","en-GB":"sp-component-base_en-us_de5b95998cc2d68906ac.js","en-NZ":"sp-component-base_en-us_de5b95998cc2d68906ac.js","en-IE":"sp-component-base_en-us_de5b95998cc2d68906ac.js","en-AU":"sp-component-base_en-us_de5b95998cc2d68906ac.js","bn":"sp-component-base_en-us_de5b95998cc2d68906ac.js","chr":"sp-component-base_en-us_de5b95998cc2d68906ac.js","dv":"sp-component-base_en-us_de5b95998cc2d68906ac.js","div":"sp-component-base_en-us_de5b95998cc2d68906ac.js","en":"sp-component-base_en-us_de5b95998cc2d68906ac.js","fil":"sp-component-base_en-us_de5b95998cc2d68906ac.js","haw":"sp-component-base_en-us_de5b95998cc2d68906ac.js","iu":"sp-component-base_en-us_de5b95998cc2d68906ac.js","lo":"sp-component-base_en-us_de5b95998cc2d68906ac.js","moh":"sp-component-base_en-us_de5b95998cc2d68906ac.js","sq":"sp-component-base_en-us_de5b95998cc2d68906ac.js","am":"sp-component-base_en-us_de5b95998cc2d68906ac.js","hy":"sp-component-base_en-us_de5b95998cc2d68906ac.js","mk":"sp-component-base_en-us_de5b95998cc2d68906ac.js","bs":"sp-component-base_en-us_de5b95998cc2d68906ac.js","my":"sp-component-base_en-us_de5b95998cc2d68906ac.js","dz":"sp-component-base_en-us_de5b95998cc2d68906ac.js","en-CY":"sp-component-base_en-us_de5b95998cc2d68906ac.js","en-EG":"sp-component-base_en-us_de5b95998cc2d68906ac.js","en-IL":"sp-component-base_en-us_de5b95998cc2d68906ac.js","en-IS":"sp-component-base_en-us_de5b95998cc2d68906ac.js","en-JO":"sp-component-base_en-us_de5b95998cc2d68906ac.js","en-KE":"sp-component-base_en-us_de5b95998cc2d68906ac.js","en-KW":"sp-component-base_en-us_de5b95998cc2d68906ac.js","en-MK":"sp-component-base_en-us_de5b95998cc2d68906ac.js","en-MT":"sp-component-base_en-us_de5b95998cc2d68906ac.js","en-PK":"sp-component-base_en-us_de5b95998cc2d68906ac.js","en-QA":"sp-component-base_en-us_de5b95998cc2d68906ac.js","en-SA":"sp-component-base_en-us_de5b95998cc2d68906ac.js","en-LK":"sp-component-base_en-us_de5b95998cc2d68906ac.js","en-AE":"sp-component-base_en-us_de5b95998cc2d68906ac.js","en-VN":"sp-component-base_en-us_de5b95998cc2d68906ac.js","is":"sp-component-base_en-us_de5b95998cc2d68906ac.js","km":"sp-component-base_en-us_de5b95998cc2d68906ac.js","kh":"sp-component-base_en-us_de5b95998cc2d68906ac.js","mt":"sp-component-base_en-us_de5b95998cc2d68906ac.js","fa":"sp-component-base_en-us_de5b95998cc2d68906ac.js","gd":"sp-component-base_en-us_de5b95998cc2d68906ac.js","sr-Cyrl-BA":"sp-component-base_en-us_de5b95998cc2d68906ac.js","sr-Latn-BA":"sp-component-base_en-us_de5b95998cc2d68906ac.js","sd":"sp-component-base_en-us_de5b95998cc2d68906ac.js","si":"sp-component-base_en-us_de5b95998cc2d68906ac.js","so":"sp-component-base_en-us_de5b95998cc2d68906ac.js","ti-ET":"sp-component-base_en-us_de5b95998cc2d68906ac.js","uz":"sp-component-base_en-us_de5b95998cc2d68906ac.js","en-SG":"sp-component-base_en-us_de5b95998cc2d68906ac.js","en-HK":"sp-component-base_en-us_de5b95998cc2d68906ac.js","en-MY":"sp-component-base_en-us_de5b95998cc2d68906ac.js","en-PH":"sp-component-base_en-us_de5b95998cc2d68906ac.js","en-TT":"sp-component-base_en-us_de5b95998cc2d68906ac.js","en-AZ":"sp-component-base_en-us_de5b95998cc2d68906ac.js","en-BH":"sp-component-base_en-us_de5b95998cc2d68906ac.js","en-BN":"sp-component-base_en-us_de5b95998cc2d68906ac.js","en-ID":"sp-component-base_en-us_de5b95998cc2d68906ac.js","mi":"sp-component-base_en-us_de5b95998cc2d68906ac.js"},"defaultPath":"sp-component-base_default_de5b95998cc2d68906ac.js"},"tslib":{"type":"component","id":"01c4df03-e775-48cb-aa14-171ee5199a15","version":"2.3.1"},"@ms/sp-telemetry":{"type":"component","id":"8217e442-8ed3-41fd-957d-b112e841286a","version":"0.28.16"},"@microsoft/sp-dynamic-data":{"type":"component","id":"e40f8203-b39d-425a-a957-714852e33b79","version":"1.17.4"},"@microsoft/sp-lodash-subset":{"type":"component","id":"73e1dc6c-8441-42cc-ad47-4bd3659f8a3a","version":"1.17.4"},"@microsoft/sp-core-library":{"type":"component","id":"7263c7d0-1d6a-45ec-8d85-d4d1d234171b","version":"1.17.4"},"@microsoft/sp-page-context":{"type":"component","id":"1c4541f7-5c31-41aa-9fa8-fbc9dc14c0a8","version":"1.17.4"},"@microsoft/load-themed-styles":{"type":"component","id":"229b8d08-79f3-438b-8c21-4613fc877abd","version":"0.1.2"},"@microsoft/sp-diagnostics":{"type":"component","id":"78359e4b-07c2-43c6-8d0b-d060b4d577e8","version":"1.17.4"},"@microsoft/sp-http":{"type":"component","id":"c07208f0-ea3b-4c1a-9965-ac1b825211a6","version":"1.17.4"}}}},{"id":"0773bd53-a69e-4293-87e6-ba80ea4d614b","alias":"SPExtensionBase","componentType":"Library","version":"1.17.4","manifestVersion":2,"loaderConfig":{"internalModuleBaseUrls":["https://localhost:4321/node_modules/@microsoft/sp-extension-base/dist/","https://localhost:4321/dist/"],"entryModuleId":"sp-extension-base","scriptResources":{"sp-extension-base":{"type":"localizedPath","paths":{"default":"sp-extension-base_default_d6d901c5327ff4e009a7.js","en-US":"sp-extension-base_en-us_d6d901c5327ff4e009a7.js","qps-ploca":"sp-extension-base_qps-ploca_d6d901c5327ff4e009a7.js","qps-ploc":"sp-extension-base_qps-ploc_d6d901c5327ff4e009a7.js","en-GB":"sp-extension-base_en-us_d6d901c5327ff4e009a7.js","en-NZ":"sp-extension-base_en-us_d6d901c5327ff4e009a7.js","en-IE":"sp-extension-base_en-us_d6d901c5327ff4e009a7.js","en-AU":"sp-extension-base_en-us_d6d901c5327ff4e009a7.js","bn":"sp-extension-base_en-us_d6d901c5327ff4e009a7.js","chr":"sp-extension-base_en-us_d6d901c5327ff4e009a7.js","dv":"sp-extension-base_en-us_d6d901c5327ff4e009a7.js","div":"sp-extension-base_en-us_d6d901c5327ff4e009a7.js","en":"sp-extension-base_en-us_d6d901c5327ff4e009a7.js","fil":"sp-extension-base_en-us_d6d901c5327ff4e009a7.js","haw":"sp-extension-base_en-us_d6d901c5327ff4e009a7.js","iu":"sp-extension-base_en-us_d6d901c5327ff4e009a7.js","lo":"sp-extension-base_en-us_d6d901c5327ff4e009a7.js","moh":"sp-extension-base_en-us_d6d901c5327ff4e009a7.js","sq":"sp-extension-base_en-us_d6d901c5327ff4e009a7.js","am":"sp-extension-base_en-us_d6d901c5327ff4e009a7.js","hy":"sp-extension-base_en-us_d6d901c5327ff4e009a7.js","mk":"sp-extension-base_en-us_d6d901c5327ff4e009a7.js","bs":"sp-extension-base_en-us_d6d901c5327ff4e009a7.js","my":"sp-extension-base_en-us_d6d901c5327ff4e009a7.js","dz":"sp-extension-base_en-us_d6d901c5327ff4e009a7.js","en-CY":"sp-extension-base_en-us_d6d901c5327ff4e009a7.js","en-EG":"sp-extension-base_en-us_d6d901c5327ff4e009a7.js","en-IL":"sp-extension-base_en-us_d6d901c5327ff4e009a7.js","en-IS":"sp-extension-base_en-us_d6d901c5327ff4e009a7.js","en-JO":"sp-extension-base_en-us_d6d901c5327ff4e009a7.js","en-KE":"sp-extension-base_en-us_d6d901c5327ff4e009a7.js","en-KW":"sp-extension-base_en-us_d6d901c5327ff4e009a7.js","en-MK":"sp-extension-base_en-us_d6d901c5327ff4e009a7.js","en-MT":"sp-extension-base_en-us_d6d901c5327ff4e009a7.js","en-PK":"sp-extension-base_en-us_d6d901c5327ff4e009a7.js","en-QA":"sp-extension-base_en-us_d6d901c5327ff4e009a7.js","en-SA":"sp-extension-base_en-us_d6d901c5327ff4e009a7.js","en-LK":"sp-extension-base_en-us_d6d901c5327ff4e009a7.js","en-AE":"sp-extension-base_en-us_d6d901c5327ff4e009a7.js","en-VN":"sp-extension-base_en-us_d6d901c5327ff4e009a7.js","is":"sp-extension-base_en-us_d6d901c5327ff4e009a7.js","km":"sp-extension-base_en-us_d6d901c5327ff4e009a7.js","kh":"sp-extension-base_en-us_d6d901c5327ff4e009a7.js","mt":"sp-extension-base_en-us_d6d901c5327ff4e009a7.js","fa":"sp-extension-base_en-us_d6d901c5327ff4e009a7.js","gd":"sp-extension-base_en-us_d6d901c5327ff4e009a7.js","sr-Cyrl-BA":"sp-extension-base_en-us_d6d901c5327ff4e009a7.js","sr-Latn-BA":"sp-extension-base_en-us_d6d901c5327ff4e009a7.js","sd":"sp-extension-base_en-us_d6d901c5327ff4e009a7.js","si":"sp-extension-base_en-us_d6d901c5327ff4e009a7.js","so":"sp-extension-base_en-us_d6d901c5327ff4e009a7.js","ti-ET":"sp-extension-base_en-us_d6d901c5327ff4e009a7.js","uz":"sp-extension-base_en-us_d6d901c5327ff4e009a7.js","en-SG":"sp-extension-base_en-us_d6d901c5327ff4e009a7.js","en-HK":"sp-extension-base_en-us_d6d901c5327ff4e009a7.js","en-MY":"sp-extension-base_en-us_d6d901c5327ff4e009a7.js","en-PH":"sp-extension-base_en-us_d6d901c5327ff4e009a7.js","en-TT":"sp-extension-base_en-us_d6d901c5327ff4e009a7.js","en-AZ":"sp-extension-base_en-us_d6d901c5327ff4e009a7.js","en-BH":"sp-extension-base_en-us_d6d901c5327ff4e009a7.js","en-BN":"sp-extension-base_en-us_d6d901c5327ff4e009a7.js","en-ID":"sp-extension-base_en-us_d6d901c5327ff4e009a7.js","mi":"sp-extension-base_en-us_d6d901c5327ff4e009a7.js"},"defaultPath":"sp-extension-base_default_d6d901c5327ff4e009a7.js"},"tslib":{"type":"component","id":"01c4df03-e775-48cb-aa14-171ee5199a15","version":"2.3.1"},"@ms/sp-telemetry":{"type":"component","id":"8217e442-8ed3-41fd-957d-b112e841286a","version":"0.28.16"},"@microsoft/sp-component-base":{"type":"component","id":"467dc675-7cc5-4709-8aac-78e3b71bd2f6","version":"1.17.4"},"@microsoft/sp-loader":{"type":"component","id":"1c6c9123-7aac-41f3-a376-3caea41ed83f","version":"1.17.4"},"@microsoft/sp-core-library":{"type":"component","id":"7263c7d0-1d6a-45ec-8d85-d4d1d234171b","version":"1.17.4"},"@microsoft/sp-diagnostics":{"type":"component","id":"78359e4b-07c2-43c6-8d0b-d060b4d577e8","version":"1.17.4"}}}},{"manifestVersion":2,"id":"4958ea79-6ff3-4480-8291-0932dd010869","alias":"SPSearchExtensibility","componentType":"Library","version":"1.17.4","loaderConfig":{"internalModuleBaseUrls":["https://localhost:4321/node_modules/@microsoft/sp-search-extensibility/dist/","https://localhost:4321/dist/"],"entryModuleId":"sp-search-extensibility","scriptResources":{"sp-search-extensibility":{"type":"path","path":"sp-search-extensibility_none_a61ae5acaa5d9eeaaec5.js"},"tslib":{"type":"component","id":"01c4df03-e775-48cb-aa14-171ee5199a15","version":"2.3.1"},"@microsoft/sp-loader":{"type":"component","id":"1c6c9123-7aac-41f3-a376-3caea41ed83f","version":"1.17.4"},"@microsoft/sp-core-library":{"type":"component","id":"7263c7d0-1d6a-45ec-8d85-d4d1d234171b","version":"1.17.4"},"@microsoft/sp-extension-base":{"type":"component","id":"0773bd53-a69e-4293-87e6-ba80ea4d614b","version":"1.17.4"},"@microsoft/sp-diagnostics":{"type":"component","id":"78359e4b-07c2-43c6-8d0b-d060b4d577e8","version":"1.17.4"}}}},{"manifestVersion":2,"componentType":"Library","id":"05580011-8e5d-45cc-8488-220e459c5c67","alias":"sp-default-assembly","isInternal":true,"version":"1.0.0","rootComponentId":"4df9bb86-ab0a-4aab-ab5f-48bf167048fb","requiresCustomScript":false,"loaderConfig":{"internalModuleBaseUrls":["https://localhost:4321/node_modules/@microsoft/sp-application-base/dist/"],"entryModuleId":"sp-default-assembly","scriptResources":{"sp-default-assembly":{"type":"localizedPath","paths":{"default":"sp-default-assembly_default.js","en-US":"sp-default-assembly_en-us.js","qps-ploca":"sp-default-assembly_qps-ploca.js","qps-ploc":"sp-default-assembly_qps-ploc.js","en-GB":"sp-default-assembly_en-us.js","en-NZ":"sp-default-assembly_en-us.js","en-IE":"sp-default-assembly_en-us.js","en-AU":"sp-default-assembly_en-us.js","bn":"sp-default-assembly_en-us.js","chr":"sp-default-assembly_en-us.js","dv":"sp-default-assembly_en-us.js","div":"sp-default-assembly_en-us.js","en":"sp-default-assembly_en-us.js","fil":"sp-default-assembly_en-us.js","haw":"sp-default-assembly_en-us.js","iu":"sp-default-assembly_en-us.js","lo":"sp-default-assembly_en-us.js","moh":"sp-default-assembly_en-us.js","sq":"sp-default-assembly_en-us.js","am":"sp-default-assembly_en-us.js","hy":"sp-default-assembly_en-us.js","mk":"sp-default-assembly_en-us.js","bs":"sp-default-assembly_en-us.js","my":"sp-default-assembly_en-us.js","dz":"sp-default-assembly_en-us.js","en-CY":"sp-default-assembly_en-us.js","en-EG":"sp-default-assembly_en-us.js","en-IL":"sp-default-assembly_en-us.js","en-IS":"sp-default-assembly_en-us.js","en-JO":"sp-default-assembly_en-us.js","en-KE":"sp-default-assembly_en-us.js","en-KW":"sp-default-assembly_en-us.js","en-MK":"sp-default-assembly_en-us.js","en-MT":"sp-default-assembly_en-us.js","en-PK":"sp-default-assembly_en-us.js","en-QA":"sp-default-assembly_en-us.js","en-SA":"sp-default-assembly_en-us.js","en-LK":"sp-default-assembly_en-us.js","en-AE":"sp-default-assembly_en-us.js","en-VN":"sp-default-assembly_en-us.js","is":"sp-default-assembly_en-us.js","km":"sp-default-assembly_en-us.js","kh":"sp-default-assembly_en-us.js","mt":"sp-default-assembly_en-us.js","fa":"sp-default-assembly_en-us.js","gd":"sp-default-assembly_en-us.js","sr-Cyrl-BA":"sp-default-assembly_en-us.js","sr-Latn-BA":"sp-default-assembly_en-us.js","sd":"sp-default-assembly_en-us.js","si":"sp-default-assembly_en-us.js","so":"sp-default-assembly_en-us.js","ti-ET":"sp-default-assembly_en-us.js","uz":"sp-default-assembly_en-us.js","en-SG":"sp-default-assembly_en-us.js","en-HK":"sp-default-assembly_en-us.js","en-MY":"sp-default-assembly_en-us.js","en-PH":"sp-default-assembly_en-us.js","en-TT":"sp-default-assembly_en-us.js","en-AZ":"sp-default-assembly_en-us.js","en-BH":"sp-default-assembly_en-us.js","en-BN":"sp-default-assembly_en-us.js","en-ID":"sp-default-assembly_en-us.js","mi":"sp-default-assembly_en-us.js"},"defaultPath":"sp-default-assembly_default.js"}}}},{"id":"4df9bb86-ab0a-4aab-ab5f-48bf167048fb","alias":"SPApplicationBase","componentType":"Library","version":"1.17.4","manifestVersion":2,"preloadComponents":["c0c518b8-701b-4f6f-956d-5782772bb731","4958ea79-6ff3-4480-8291-0932dd010869"],"loaderConfig":{"internalModuleBaseUrls":["https://localhost:4321/node_modules/@microsoft/sp-application-base/dist/","https://localhost:4321/dist/"],"entryModuleId":"sp-application-base","scriptResources":{"sp-application-base":{"type":"localizedPath","paths":{"default":"sp-application-base_default_9b02f9703798c8402414.js","en-US":"sp-application-base_en-us_9b02f9703798c8402414.js","qps-ploca":"sp-application-base_qps-ploca_9b02f9703798c8402414.js","qps-ploc":"sp-application-base_qps-ploc_9b02f9703798c8402414.js","en-GB":"sp-application-base_en-us_9b02f9703798c8402414.js","en-NZ":"sp-application-base_en-us_9b02f9703798c8402414.js","en-IE":"sp-application-base_en-us_9b02f9703798c8402414.js","en-AU":"sp-application-base_en-us_9b02f9703798c8402414.js","bn":"sp-application-base_en-us_9b02f9703798c8402414.js","chr":"sp-application-base_en-us_9b02f9703798c8402414.js","dv":"sp-application-base_en-us_9b02f9703798c8402414.js","div":"sp-application-base_en-us_9b02f9703798c8402414.js","en":"sp-application-base_en-us_9b02f9703798c8402414.js","fil":"sp-application-base_en-us_9b02f9703798c8402414.js","haw":"sp-application-base_en-us_9b02f9703798c8402414.js","iu":"sp-application-base_en-us_9b02f9703798c8402414.js","lo":"sp-application-base_en-us_9b02f9703798c8402414.js","moh":"sp-application-base_en-us_9b02f9703798c8402414.js","sq":"sp-application-base_en-us_9b02f9703798c8402414.js","am":"sp-application-base_en-us_9b02f9703798c8402414.js","hy":"sp-application-base_en-us_9b02f9703798c8402414.js","mk":"sp-application-base_en-us_9b02f9703798c8402414.js","bs":"sp-application-base_en-us_9b02f9703798c8402414.js","my":"sp-application-base_en-us_9b02f9703798c8402414.js","dz":"sp-application-base_en-us_9b02f9703798c8402414.js","en-CY":"sp-application-base_en-us_9b02f9703798c8402414.js","en-EG":"sp-application-base_en-us_9b02f9703798c8402414.js","en-IL":"sp-application-base_en-us_9b02f9703798c8402414.js","en-IS":"sp-application-base_en-us_9b02f9703798c8402414.js","en-JO":"sp-application-base_en-us_9b02f9703798c8402414.js","en-KE":"sp-application-base_en-us_9b02f9703798c8402414.js","en-KW":"sp-application-base_en-us_9b02f9703798c8402414.js","en-MK":"sp-application-base_en-us_9b02f9703798c8402414.js","en-MT":"sp-application-base_en-us_9b02f9703798c8402414.js","en-PK":"sp-application-base_en-us_9b02f9703798c8402414.js","en-QA":"sp-application-base_en-us_9b02f9703798c8402414.js","en-SA":"sp-application-base_en-us_9b02f9703798c8402414.js","en-LK":"sp-application-base_en-us_9b02f9703798c8402414.js","en-AE":"sp-application-base_en-us_9b02f9703798c8402414.js","en-VN":"sp-application-base_en-us_9b02f9703798c8402414.js","is":"sp-application-base_en-us_9b02f9703798c8402414.js","km":"sp-application-base_en-us_9b02f9703798c8402414.js","kh":"sp-application-base_en-us_9b02f9703798c8402414.js","mt":"sp-application-base_en-us_9b02f9703798c8402414.js","fa":"sp-application-base_en-us_9b02f9703798c8402414.js","gd":"sp-application-base_en-us_9b02f9703798c8402414.js","sr-Cyrl-BA":"sp-application-base_en-us_9b02f9703798c8402414.js","sr-Latn-BA":"sp-application-base_en-us_9b02f9703798c8402414.js","sd":"sp-application-base_en-us_9b02f9703798c8402414.js","si":"sp-application-base_en-us_9b02f9703798c8402414.js","so":"sp-application-base_en-us_9b02f9703798c8402414.js","ti-ET":"sp-application-base_en-us_9b02f9703798c8402414.js","uz":"sp-application-base_en-us_9b02f9703798c8402414.js","en-SG":"sp-application-base_en-us_9b02f9703798c8402414.js","en-HK":"sp-application-base_en-us_9b02f9703798c8402414.js","en-MY":"sp-application-base_en-us_9b02f9703798c8402414.js","en-PH":"sp-application-base_en-us_9b02f9703798c8402414.js","en-TT":"sp-application-base_en-us_9b02f9703798c8402414.js","en-AZ":"sp-application-base_en-us_9b02f9703798c8402414.js","en-BH":"sp-application-base_en-us_9b02f9703798c8402414.js","en-BN":"sp-application-base_en-us_9b02f9703798c8402414.js","en-ID":"sp-application-base_en-us_9b02f9703798c8402414.js","mi":"sp-application-base_en-us_9b02f9703798c8402414.js"},"defaultPath":"sp-application-base_default_9b02f9703798c8402414.js"},"tslib":{"type":"component","id":"01c4df03-e775-48cb-aa14-171ee5199a15","version":"2.3.1"},"@microsoft/sp-http-base":{"type":"component","id":"8496636c-2300-4915-abef-20de64c98d8b","version":"1.17.4"},"@ms/sp-telemetry":{"type":"component","id":"8217e442-8ed3-41fd-957d-b112e841286a","version":"0.28.16"},"@microsoft/sp-component-base":{"type":"component","id":"467dc675-7cc5-4709-8aac-78e3b71bd2f6","version":"1.17.4"},"@microsoft/sp-loader":{"type":"component","id":"1c6c9123-7aac-41f3-a376-3caea41ed83f","version":"1.17.4"},"@ms/odsp-core-bundle":{"type":"component","id":"2e09fb9b-13bb-48f2-859f-97d6fff71176","version":"1.3.154"},"@microsoft/sp-lodash-subset":{"type":"component","id":"73e1dc6c-8441-42cc-ad47-4bd3659f8a3a","version":"1.17.4"},"@microsoft/sp-core-library":{"type":"component","id":"7263c7d0-1d6a-45ec-8d85-d4d1d234171b","version":"1.17.4"},"@microsoft/sp-page-context":{"type":"component","id":"1c4541f7-5c31-41aa-9fa8-fbc9dc14c0a8","version":"1.17.4"},"@microsoft/sp-extension-base":{"type":"component","id":"0773bd53-a69e-4293-87e6-ba80ea4d614b","version":"1.17.4"},"@microsoft/sp-diagnostics":{"type":"component","id":"78359e4b-07c2-43c6-8d0b-d060b4d577e8","version":"1.17.4"},"@microsoft/sp-http":{"type":"component","id":"c07208f0-ea3b-4c1a-9965-ac1b825211a6","version":"1.17.4"}}}},{"id":"c0c518b8-701b-4f6f-956d-5782772bb731","alias":"SPDialog","componentType":"Library","version":"1.17.4","manifestVersion":2,"loaderConfig":{"internalModuleBaseUrls":["https://localhost:4321/node_modules/@microsoft/sp-dialog/dist/","https://localhost:4321/dist/"],"entryModuleId":"sp-dialog","scriptResources":{"sp-dialog":{"type":"path","path":"sp-dialog_none_6e04a389ca59bcab34c2.js"},"tslib":{"type":"component","id":"01c4df03-e775-48cb-aa14-171ee5199a15","version":"2.3.1"},"@ms/office-ui-fabric-react-bundle":{"type":"component","id":"396bbc17-3d18-4f43-8299-d99720d88e22","version":"1.16.7"},"@microsoft/sp-application-base":{"type":"component","id":"4df9bb86-ab0a-4aab-ab5f-48bf167048fb","version":"1.17.4"},"@microsoft/sp-core-library":{"type":"component","id":"7263c7d0-1d6a-45ec-8d85-d4d1d234171b","version":"1.17.4"},"react":{"type":"component","id":"0d910c1c-13b9-4e1c-9aa4-b008c5e42d7d","version":"17.0.1"},"react-dom":{"type":"component","id":"aa0a46ec-1505-43cd-a44a-93f3a5aa460a","version":"17.0.1"},"@ms/uifabric-styling-bundle":{"type":"component","id":"17ce0976-e69a-4355-be84-89b69a74717d","version":"0.3.8"},"@microsoft/load-themed-styles":{"type":"component","id":"229b8d08-79f3-438b-8c21-4613fc877abd","version":"0.1.2"},"@microsoft/sp-diagnostics":{"type":"component","id":"78359e4b-07c2-43c6-8d0b-d060b4d577e8","version":"1.17.4"}}}},{"id":"29bd516f-4ece-40b7-8028-597cbc65a223","alias":"SpOfficeUIFabricCore","componentType":"Library","version":"1.17.4","manifestVersion":2,"loaderConfig":{"internalModuleBaseUrls":["https://localhost:4321/node_modules/@microsoft/sp-office-ui-fabric-core/dist/","http://localhost:4321/dist/"],"entryModuleId":"office-ui-fabric-core","scriptResources":{"office-ui-fabric-core":{"type":"path","path":"office-ui-fabric-core_none_08d393408962a8103793.js"},"@microsoft/load-themed-styles":{"type":"component","id":"229b8d08-79f3-438b-8c21-4613fc877abd","version":"0.1.2"}}}},{"id":"7c63bc44-131b-4e16-8268-06f2758ae106","alias":"TopNavigationsApplicationCustomizer","componentType":"Extension","extensionType":"ApplicationCustomizer","version":"0.0.1","manifestVersion":2,"requiresCustomScript":false,"loaderConfig":{"internalModuleBaseUrls":["https://localhost:4321/dist/"],"entryModuleId":"top-navigations-application-customizer","scriptResources":{"top-navigations-application-customizer":{"type":"path","path":"top-navigations-application-customizer.js"},"@microsoft/sp-application-base":{"type":"component","id":"4df9bb86-ab0a-4aab-ab5f-48bf167048fb","version":"1.17.4"},"@microsoft/sp-core-library":{"type":"component","id":"7263c7d0-1d6a-45ec-8d85-d4d1d234171b","version":"1.17.4"},"TopNavigationsApplicationCustomizerStrings":{"type":"path","path":"TopNavigationsApplicationCustomizerStrings_en-us.js"}}}}]