{
  "id": "7c63bc44-131b-4e16-8268-06f2758ae106",
  "alias": "TopNavigationsApplicationCustomizer",
  "componentType": "Extension",
  "extensionType": "ApplicationCustomizer",
  "version": "0.0.1",
  "manifestVersion": 2,
  "requiresCustomScript": false,
  "loaderConfig": {
    "internalModuleBaseUrls": [
      "<!-- PATH TO CDN -->"
    ],
    "entryModuleId": "top-navigations-application-customizer",
    "scriptResources": {
      "top-navigations-application-customizer": {
        "type": "path",
        "path": "top-navigations-application-customizer.js"
      },
      "@microsoft/sp-application-base": {
        "type": "component",
        "id": "4df9bb86-ab0a-4aab-ab5f-48bf167048fb",
        "version": "1.17.4"
      },
      "@microsoft/sp-core-library": {
        "type": "component",
        "id": "7263c7d0-1d6a-45ec-8d85-d4d1d234171b",
        "version": "1.17.4"
      },
      "TopNavigationsApplicationCustomizerStrings": {
        "type": "path",
        "path": "TopNavigationsApplicationCustomizerStrings_en-us.js"
      }
    }
  }
}